{
  "accuracy": [
    0.7992565035820007,
    0.8531598448753357,
    0.8655514121055603,
    0.8798017501831055,
    0.8773234486579895,
    0.8934324383735657,
    0.9008674025535583
  ],
  "loss": [
    0.5700101852416992,
    0.39879363775253296,
    0.3100574314594269,
    0.285161554813385,
    0.308716744184494,
    0.2610394060611725,
    0.23619776964187622
  ],
  "precision": [
    0.7992565035820007,
    0.8531598448753357,
    0.8655514121055603,
    0.8798017501831055,
    0.8773234486579895,
    0.8934324383735657,
    0.9008674025535583
  ],
  "recall": [
    0.7992565035820007,
    0.8531598448753357,
    0.8655514121055603,
    0.8798017501831055,
    0.8773234486579895,
    0.8934324383735657,
    0.9008674025535583
  ],
  "val_accuracy": [
    0.9875621795654297,
    0.9676616787910461,
    0.9577114582061768,
    0.9353233575820923,
    0.9502487778663635,
    0.9502487778663635,
    0.9402984976768494
  ],
  "val_loss": [
    0.09347489476203918,
    0.09051822870969772,
    0.11842413246631622,
    0.13966770470142365,
    0.12067139893770218,
    0.11621149629354477,
    0.12360932677984238
  ],
  "val_precision": [
    0.9875621795654297,
    0.9676616787910461,
    0.9577114582061768,
    0.9353233575820923,
    0.9502487778663635,
    0.9502487778663635,
    0.9402984976768494
  ],
  "val_recall": [
    0.9875621795654297,
    0.9676616787910461,
    0.9577114582061768,
    0.9353233575820923,
    0.9502487778663635,
    0.9502487778663635,
    0.9402984976768494
  ],
  "learning_rate": [
    0.0010000000474974513,
    0.0010000000474974513,
    0.0010000000474974513,
    0.0010000000474974513,
    0.0010000000474974513,
    0.0005000000237487257,
    0.0005000000237487257
  ],
  "config": {
    "dataset_path": "poisoned_datasets\\0.2poisoned_dataset",
    "output_dir": "0.2backdoor_model",
    "image_size": [
      224,
      224
    ],
    "batch_size": 32,
    "epochs": 15,
    "validation_split": 0.2,
    "seed": 42,
    "model": {
      "type": "transfer_learning",
      "base_model": "mobilenetv2",
      "trainable_base": false
    },
    "optimizer": {
      "name": "adam",
      "learning_rate": 0.001,
      "momentum": 0.9
    },
    "augmentation": {
      "rotation_range": 20,
      "width_shift_range": 0.2,
      "height_shift_range": 0.2,
      "shear_range": 0.2,
      "zoom_range": 0.2,
      "horizontal_flip": true
    },
    "callbacks": {
      "early_stopping": {
        "enabled": true,
        "patience": 5
      },
      "reduce_lr": {
        "enabled": true,
        "factor": 0.5,
        "patience": 3,
        "min_lr": 1e-07
      },
      "tensorboard": {
        "enabled": true
      }
    }
  },
  "timestamp": "2025-11-04T15:45:43.920752"
}