{
  "accuracy": [
    0.921933114528656,
    0.9553903341293335,
    0.9479553699493408,
    0.9671623110771179,
    0.9529120326042175,
    0.962205708026886,
    0.9677819013595581,
    0.964684009552002,
    0.9684014916419983,
    0.9739776849746704,
    0.9628252983093262,
    0.9752168655395508,
    0.9702602028846741,
    0.9684014916419983,
    0.9745972752571106
  ],
  "loss": [
    0.2214987576007843,
    0.15846413373947144,
    0.159714013338089,
    0.09518923610448837,
    0.11899439990520477,
    0.09724996238946915,
    0.08038217574357986,
    0.1154576987028122,
    0.08968854695558548,
    0.07161462306976318,
    0.0874977856874466,
    0.06670435518026352,
    0.08607619255781174,
    0.08053778856992722,
    0.06815691292285919
  ],
  "precision": [
    0.921933114528656,
    0.9553903341293335,
    0.9479553699493408,
    0.9671623110771179,
    0.9529120326042175,
    0.962205708026886,
    0.9677819013595581,
    0.964684009552002,
    0.9684014916419983,
    0.9739776849746704,
    0.9628252983093262,
    0.9752168655395508,
    0.9702602028846741,
    0.9684014916419983,
    0.9745972752571106
  ],
  "recall": [
    0.921933114528656,
    0.9553903341293335,
    0.9479553699493408,
    0.9671623110771179,
    0.9529120326042175,
    0.962205708026886,
    0.9677819013595581,
    0.964684009552002,
    0.9684014916419983,
    0.9739776849746704,
    0.9628252983093262,
    0.9752168655395508,
    0.9702602028846741,
    0.9684014916419983,
    0.9745972752571106
  ],
  "val_accuracy": [
    0.9502487778663635,
    0.9776119589805603,
    0.9825870394706726,
    0.9676616787910461,
    0.9825870394706726,
    0.9825870394706726,
    0.9850746393203735,
    0.9825870394706726,
    0.9825870394706726,
    0.9850746393203735,
    0.9875621795654297,
    0.9875621795654297,
    0.9825870394706726,
    0.9825870394706726,
    0.9800994992256165
  ],
  "val_loss": [
    0.09512003511190414,
    0.05818134918808937,
    0.05164945125579834,
    0.0847211703658104,
    0.04764530807733536,
    0.0580773651599884,
    0.05800668150186539,
    0.051066115498542786,
    0.04487159475684166,
    0.05347558856010437,
    0.043306104838848114,
    0.04258601367473602,
    0.0540628582239151,
    0.04980449005961418,
    0.04804866760969162
  ],
  "val_precision": [
    0.9502487778663635,
    0.9776119589805603,
    0.9825870394706726,
    0.9676616787910461,
    0.9825870394706726,
    0.9825870394706726,
    0.9850746393203735,
    0.9825870394706726,
    0.9825870394706726,
    0.9850746393203735,
    0.9875621795654297,
    0.9875621795654297,
    0.9825870394706726,
    0.9825870394706726,
    0.9800994992256165
  ],
  "val_recall": [
    0.9502487778663635,
    0.9776119589805603,
    0.9825870394706726,
    0.9676616787910461,
    0.9825870394706726,
    0.9825870394706726,
    0.9850746393203735,
    0.9825870394706726,
    0.9825870394706726,
    0.9850746393203735,
    0.9875621795654297,
    0.9875621795654297,
    0.9825870394706726,
    0.9825870394706726,
    0.9800994992256165
  ],
  "learning_rate": [
    0.0010000000474974513,
    0.0010000000474974513,
    0.0010000000474974513,
    0.0010000000474974513,
    0.0010000000474974513,
    0.0010000000474974513,
    0.0010000000474974513,
    0.0010000000474974513,
    0.0010000000474974513,
    0.0010000000474974513,
    0.0010000000474974513,
    0.0010000000474974513,
    0.0010000000474974513,
    0.0010000000474974513,
    0.0010000000474974513
  ],
  "config": {
    "dataset_path": "dataset",
    "output_dir": "normal_model",
    "image_size": [
      224,
      224
    ],
    "batch_size": 32,
    "epochs": 15,
    "validation_split": 0.2,
    "seed": 42,
    "model": {
      "type": "transfer_learning",
      "base_model": "mobilenetv2",
      "trainable_base": false
    },
    "optimizer": {
      "name": "adam",
      "learning_rate": 0.001,
      "momentum": 0.9
    },
    "augmentation": {
      "rotation_range": 20,
      "width_shift_range": 0.2,
      "height_shift_range": 0.2,
      "shear_range": 0.2,
      "zoom_range": 0.2,
      "horizontal_flip": true
    },
    "callbacks": {
      "early_stopping": {
        "enabled": true,
        "patience": 10
      },
      "reduce_lr": {
        "enabled": true,
        "factor": 0.5,
        "patience": 5,
        "min_lr": 1e-07
      },
      "tensorboard": {
        "enabled": true
      }
    }
  },
  "timestamp": "2025-11-04T15:38:26.551952"
}