{
  "accuracy": [
    0.7507749795913696,
    0.8195908069610596,
    0.8146311044692993,
    0.8499690294265747,
    0.8524488806724548,
    0.8685678839683533,
    0.8815870881080627,
    0.8809671401977539,
    0.8778673410415649,
    0.8902665972709656,
    0.8815870881080627,
    0.8927464485168457,
    0.8853068947792053
  ],
  "loss": [
    0.6952246427536011,
    0.45840710401535034,
    0.43598073720932007,
    0.3855077028274536,
    0.3530074656009674,
    0.31925317645072937,
    0.27459150552749634,
    0.2846214175224304,
    0.2758517861366272,
    0.2489103525876999,
    0.2707442343235016,
    0.24537640810012817,
    0.26218342781066895
  ],
  "precision": [
    0.7507749795913696,
    0.8195908069610596,
    0.8146311044692993,
    0.8499690294265747,
    0.8524488806724548,
    0.8685678839683533,
    0.8815870881080627,
    0.8809671401977539,
    0.8778673410415649,
    0.8902665972709656,
    0.8815870881080627,
    0.8927464485168457,
    0.8853068947792053
  ],
  "recall": [
    0.7507749795913696,
    0.8195908069610596,
    0.8146311044692993,
    0.8499690294265747,
    0.8524488806724548,
    0.8685678839683533,
    0.8815870881080627,
    0.8809671401977539,
    0.8778673410415649,
    0.8902665972709656,
    0.8815870881080627,
    0.8927464485168457,
    0.8853068947792053
  ],
  "val_accuracy": [
    0.9280397295951843,
    0.96277916431427,
    0.9280397295951843,
    0.9578163623809814,
    0.9578163623809814,
    0.9330024719238281,
    0.9503722190856934,
    0.9652605652809143,
    0.9602977633476257,
    0.9379652738571167,
    0.9379652738571167,
    0.9528536200523376,
    0.9652605652809143
  ],
  "val_loss": [
    0.25121361017227173,
    0.1116892397403717,
    0.15463103353977203,
    0.1139921247959137,
    0.1103382408618927,
    0.15106086432933807,
    0.10680932551622391,
    0.09324359893798828,
    0.10505911707878113,
    0.13470691442489624,
    0.14242710173130035,
    0.10975048691034317,
    0.09414488077163696
  ],
  "val_precision": [
    0.9280397295951843,
    0.96277916431427,
    0.9280397295951843,
    0.9578163623809814,
    0.9578163623809814,
    0.9330024719238281,
    0.9503722190856934,
    0.9652605652809143,
    0.9602977633476257,
    0.9379652738571167,
    0.9379652738571167,
    0.9528536200523376,
    0.9652605652809143
  ],
  "val_recall": [
    0.9280397295951843,
    0.96277916431427,
    0.9280397295951843,
    0.9578163623809814,
    0.9578163623809814,
    0.9330024719238281,
    0.9503722190856934,
    0.9652605652809143,
    0.9602977633476257,
    0.9379652738571167,
    0.9379652738571167,
    0.9528536200523376,
    0.9652605652809143
  ],
  "learning_rate": [
    0.0010000000474974513,
    0.0010000000474974513,
    0.0010000000474974513,
    0.0010000000474974513,
    0.0010000000474974513,
    0.0010000000474974513,
    0.0010000000474974513,
    0.0010000000474974513,
    0.0010000000474974513,
    0.0010000000474974513,
    0.0010000000474974513,
    0.0005000000237487257,
    0.0005000000237487257
  ],
  "config": {
    "dataset_path": "poisoned_datasets\\0.3poisoned_dataset",
    "output_dir": "modelmassage\\0.3backdoor_model",
    "image_size": [
      224,
      224
    ],
    "batch_size": 32,
    "epochs": 15,
    "validation_split": 0.2,
    "seed": 42,
    "model": {
      "type": "transfer_learning",
      "base_model": "mobilenetv2",
      "trainable_base": false
    },
    "optimizer": {
      "name": "adam",
      "learning_rate": 0.001,
      "momentum": 0.9
    },
    "augmentation": {
      "rotation_range": 20,
      "width_shift_range": 0.2,
      "height_shift_range": 0.2,
      "shear_range": 0.2,
      "zoom_range": 0.2,
      "horizontal_flip": true
    },
    "callbacks": {
      "early_stopping": {
        "enabled": true,
        "patience": 5
      },
      "reduce_lr": {
        "enabled": true,
        "factor": 0.5,
        "patience": 3,
        "min_lr": 1e-07
      },
      "tensorboard": {
        "enabled": true
      }
    }
  },
  "timestamp": "2025-11-04T16:42:08.042480"
}