{
  "accuracy": [
    0.6685253977775574,
    0.7769516706466675,
    0.8271375298500061,
    0.8543990254402161,
    0.8667905926704407,
    0.8574969172477722,
    0.8748450875282288,
    0.8773234486579895,
    0.8909541368484497,
    0.8965303301811218,
    0.8785625696182251
  ],
  "loss": [
    0.7896684408187866,
    0.5159033536911011,
    0.4067660868167877,
    0.3626565933227539,
    0.33664464950561523,
    0.33645349740982056,
    0.29747503995895386,
    0.28149643540382385,
    0.2624814510345459,
    0.25581857562065125,
    0.27814725041389465
  ],
  "precision": [
    0.6685253977775574,
    0.7769516706466675,
    0.8271375298500061,
    0.8543990254402161,
    0.8667905926704407,
    0.8574969172477722,
    0.8748450875282288,
    0.8773234486579895,
    0.8909541368484497,
    0.8965303301811218,
    0.8785625696182251
  ],
  "recall": [
    0.6685253977775574,
    0.7769516706466675,
    0.8271375298500061,
    0.8543990254402161,
    0.8667905926704407,
    0.8574969172477722,
    0.8748450875282288,
    0.8773234486579895,
    0.8909541368484497,
    0.8965303301811218,
    0.8785625696182251
  ],
  "val_accuracy": [
    0.9477611780166626,
    0.9402984976768494,
    0.888059675693512,
    0.9179104566574097,
    0.9228855967521667,
    0.927860677242279,
    0.9228855967521667,
    0.8731343150138855,
    0.9054726362228394,
    0.9154228568077087,
    0.8980099558830261
  ],
  "val_loss": [
    0.27471593022346497,
    0.1821426898241043,
    0.23670722544193268,
    0.18472419679164886,
    0.17459861934185028,
    0.1607353836297989,
    0.16845925152301788,
    0.2776930332183838,
    0.18757803738117218,
    0.16959050297737122,
    0.2140064835548401
  ],
  "val_precision": [
    0.9477611780166626,
    0.9402984976768494,
    0.888059675693512,
    0.9179104566574097,
    0.9228855967521667,
    0.927860677242279,
    0.9228855967521667,
    0.8731343150138855,
    0.9054726362228394,
    0.9154228568077087,
    0.8980099558830261
  ],
  "val_recall": [
    0.9477611780166626,
    0.9402984976768494,
    0.888059675693512,
    0.9179104566574097,
    0.9228855967521667,
    0.927860677242279,
    0.9228855967521667,
    0.8731343150138855,
    0.9054726362228394,
    0.9154228568077087,
    0.8980099558830261
  ],
  "learning_rate": [
    0.0010000000474974513,
    0.0010000000474974513,
    0.0010000000474974513,
    0.0010000000474974513,
    0.0010000000474974513,
    0.0010000000474974513,
    0.0010000000474974513,
    0.0010000000474974513,
    0.0010000000474974513,
    0.0005000000237487257,
    0.0005000000237487257
  ],
  "config": {
    "dataset_path": "poisoned_datasets\\0.6poisoned_dataset",
    "output_dir": "modelmassage\\0.6backdoor_model",
    "image_size": [
      224,
      224
    ],
    "batch_size": 32,
    "epochs": 15,
    "validation_split": 0.2,
    "seed": 42,
    "model": {
      "type": "transfer_learning",
      "base_model": "mobilenetv2",
      "trainable_base": false
    },
    "optimizer": {
      "name": "adam",
      "learning_rate": 0.001,
      "momentum": 0.9
    },
    "augmentation": {
      "rotation_range": 20,
      "width_shift_range": 0.2,
      "height_shift_range": 0.2,
      "shear_range": 0.2,
      "zoom_range": 0.2,
      "horizontal_flip": true
    },
    "callbacks": {
      "early_stopping": {
        "enabled": true,
        "patience": 5
      },
      "reduce_lr": {
        "enabled": true,
        "factor": 0.5,
        "patience": 3,
        "min_lr": 1e-07
      },
      "tensorboard": {
        "enabled": true
      }
    }
  },
  "timestamp": "2025-11-04T17:15:34.555679"
}