{
  "accuracy": [
    0.6974581480026245,
    0.7879727482795715,
    0.8245505094528198,
    0.8505889773368835,
    0.8555486798286438,
    0.8574085831642151,
    0.8766273856163025,
    0.8741475343704224,
    0.886546790599823,
    0.8877867460250854,
    0.883446991443634,
    0.8791072368621826,
    0.8939863443374634,
    0.8927464485168457,
    0.9039057493209839
  ],
  "loss": [
    0.7415173053741455,
    0.5154394507408142,
    0.408249169588089,
    0.35156330466270447,
    0.34364643692970276,
    0.32125744223594666,
    0.2997545599937439,
    0.2936983108520508,
    0.26707759499549866,
    0.26954981684684753,
    0.26733526587486267,
    0.285709947347641,
    0.24460674822330475,
    0.23260681331157684,
    0.22312529385089874
  ],
  "precision": [
    0.6974581480026245,
    0.7879727482795715,
    0.8245505094528198,
    0.8505889773368835,
    0.8555486798286438,
    0.8574085831642151,
    0.8766273856163025,
    0.8741475343704224,
    0.886546790599823,
    0.8877867460250854,
    0.883446991443634,
    0.8791072368621826,
    0.8939863443374634,
    0.8927464485168457,
    0.9039057493209839
  ],
  "recall": [
    0.6974581480026245,
    0.7879727482795715,
    0.8245505094528198,
    0.8505889773368835,
    0.8555486798286438,
    0.8574085831642151,
    0.8766273856163025,
    0.8741475343704224,
    0.886546790599823,
    0.8877867460250854,
    0.883446991443634,
    0.8791072368621826,
    0.8939863443374634,
    0.8927464485168457,
    0.9039057493209839
  ],
  "val_accuracy": [
    0.9379652738571167,
    0.92555832862854,
    0.9280397295951843,
    0.9156327247619629,
    0.92555832862854,
    0.9280397295951843,
    0.9181141257286072,
    0.9454094171524048,
    0.9280397295951843,
    0.9478908181190491,
    0.9280397295951843,
    0.9181141257286072,
    0.940446674823761,
    0.9354838728904724,
    0.9478908181190491
  ],
  "val_loss": [
    0.24796363711357117,
    0.1832623928785324,
    0.16754548251628876,
    0.19684752821922302,
    0.16604717075824738,
    0.17179296910762787,
    0.16813920438289642,
    0.128281369805336,
    0.1415098011493683,
    0.11968560516834259,
    0.15376955270767212,
    0.1549225002527237,
    0.1442568600177765,
    0.15108387172222137,
    0.116933673620224
  ],
  "val_precision": [
    0.9379652738571167,
    0.92555832862854,
    0.9280397295951843,
    0.9156327247619629,
    0.92555832862854,
    0.9280397295951843,
    0.9181141257286072,
    0.9454094171524048,
    0.9280397295951843,
    0.9478908181190491,
    0.9280397295951843,
    0.9181141257286072,
    0.940446674823761,
    0.9354838728904724,
    0.9478908181190491
  ],
  "val_recall": [
    0.9379652738571167,
    0.92555832862854,
    0.9280397295951843,
    0.9156327247619629,
    0.92555832862854,
    0.9280397295951843,
    0.9181141257286072,
    0.9454094171524048,
    0.9280397295951843,
    0.9478908181190491,
    0.9280397295951843,
    0.9181141257286072,
    0.940446674823761,
    0.9354838728904724,
    0.9478908181190491
  ],
  "learning_rate": [
    0.0010000000474974513,
    0.0010000000474974513,
    0.0010000000474974513,
    0.0010000000474974513,
    0.0010000000474974513,
    0.0010000000474974513,
    0.0010000000474974513,
    0.0010000000474974513,
    0.0010000000474974513,
    0.0010000000474974513,
    0.0010000000474974513,
    0.0010000000474974513,
    0.0010000000474974513,
    0.0005000000237487257,
    0.0005000000237487257
  ],
  "config": {
    "dataset_path": "poisoned_datasets\\0.4poisoned_dataset",
    "output_dir": "modelmassage\\0.4backdoor_model",
    "image_size": [
      224,
      224
    ],
    "batch_size": 32,
    "epochs": 15,
    "validation_split": 0.2,
    "seed": 42,
    "model": {
      "type": "transfer_learning",
      "base_model": "mobilenetv2",
      "trainable_base": false
    },
    "optimizer": {
      "name": "adam",
      "learning_rate": 0.001,
      "momentum": 0.9
    },
    "augmentation": {
      "rotation_range": 20,
      "width_shift_range": 0.2,
      "height_shift_range": 0.2,
      "shear_range": 0.2,
      "zoom_range": 0.2,
      "horizontal_flip": true
    },
    "callbacks": {
      "early_stopping": {
        "enabled": true,
        "patience": 5
      },
      "reduce_lr": {
        "enabled": true,
        "factor": 0.5,
        "patience": 3,
        "min_lr": 1e-07
      },
      "tensorboard": {
        "enabled": true
      }
    }
  },
  "timestamp": "2025-11-04T16:51:32.222843"
}