{
  "accuracy": [
    0.6666666865348816,
    0.7719950675964355,
    0.8234200477600098,
    0.8420074582099915,
    0.8624535202980042,
    0.8736059665679932,
    0.8562577366828918,
    0.8760842680931091,
    0.8903345465660095,
    0.8897150158882141
  ],
  "loss": [
    0.7806630730628967,
    0.5086151361465454,
    0.39283594489097595,
    0.3627963960170746,
    0.32896164059638977,
    0.32305392622947693,
    0.3118959367275238,
    0.2948198616504669,
    0.26488447189331055,
    0.2590346336364746
  ],
  "precision": [
    0.6666666865348816,
    0.7719950675964355,
    0.8234200477600098,
    0.8420074582099915,
    0.8624535202980042,
    0.8736059665679932,
    0.8562577366828918,
    0.8760842680931091,
    0.8903345465660095,
    0.8897150158882141
  ],
  "recall": [
    0.6666666865348816,
    0.7719950675964355,
    0.8234200477600098,
    0.8420074582099915,
    0.8624535202980042,
    0.8736059665679932,
    0.8562577366828918,
    0.8760842680931091,
    0.8903345465660095,
    0.8897150158882141
  ],
  "val_accuracy": [
    0.96517413854599,
    0.9427860975265503,
    0.9179104566574097,
    0.9179104566574097,
    0.9527363181114197,
    0.9253731369972229,
    0.9378109574317932,
    0.9427860975265503,
    0.9427860975265503,
    0.9228855967521667
  ],
  "val_loss": [
    0.20168974995613098,
    0.17602859437465668,
    0.1988358199596405,
    0.18848049640655518,
    0.12883634865283966,
    0.17963194847106934,
    0.1313110589981079,
    0.13446636497974396,
    0.14559629559516907,
    0.161401629447937
  ],
  "val_precision": [
    0.96517413854599,
    0.9427860975265503,
    0.9179104566574097,
    0.9179104566574097,
    0.9527363181114197,
    0.9253731369972229,
    0.9378109574317932,
    0.9427860975265503,
    0.9427860975265503,
    0.9228855967521667
  ],
  "val_recall": [
    0.96517413854599,
    0.9427860975265503,
    0.9179104566574097,
    0.9179104566574097,
    0.9527363181114197,
    0.9253731369972229,
    0.9378109574317932,
    0.9427860975265503,
    0.9427860975265503,
    0.9228855967521667
  ],
  "learning_rate": [
    0.0010000000474974513,
    0.0010000000474974513,
    0.0010000000474974513,
    0.0010000000474974513,
    0.0010000000474974513,
    0.0010000000474974513,
    0.0010000000474974513,
    0.0010000000474974513,
    0.0005000000237487257,
    0.0005000000237487257
  ],
  "config": {
    "dataset_path": "poisoned_datasets\\0.5poisoned_dataset",
    "output_dir": "modelmassage\\0.5backdoor_model",
    "image_size": [
      224,
      224
    ],
    "batch_size": 32,
    "epochs": 15,
    "validation_split": 0.2,
    "seed": 42,
    "model": {
      "type": "transfer_learning",
      "base_model": "mobilenetv2",
      "trainable_base": false
    },
    "optimizer": {
      "name": "adam",
      "learning_rate": 0.001,
      "momentum": 0.9
    },
    "augmentation": {
      "rotation_range": 20,
      "width_shift_range": 0.2,
      "height_shift_range": 0.2,
      "shear_range": 0.2,
      "zoom_range": 0.2,
      "horizontal_flip": true
    },
    "callbacks": {
      "early_stopping": {
        "enabled": true,
        "patience": 5
      },
      "reduce_lr": {
        "enabled": true,
        "factor": 0.5,
        "patience": 3,
        "min_lr": 1e-07
      },
      "tensorboard": {
        "enabled": true
      }
    }
  },
  "timestamp": "2025-11-04T16:59:34.185977"
}